id,x,y,z,flux,temperature
0,1022.9157,1010.3057,0.0000,352.9276,6544.5
1,937.1568,1013.4454,0.0000,103.4982,20454.2
2,1050.5993,1021.7643,0.0000,186.4908,15220.8
3,1015.5490,1031.4912,0.0000,156.9391,29154.6
4,1025.4940,1068.3110,0.0000,175.0709,21451.2
5,1006.0216,1008.5008,0.0000,389.8039,18331.8
6,1016.7391,993.0294,0.0000,605.2961,5370.9
7,1094.9273,1061.9761,0.0000,160.5641,6627.3
8,1067.0450,1226.5204,0.0000,215.8592,27595.8
9,1127.7921,981.6230,0.0000,129.3812,8172.5
10,1024.0117,1024.1249,0.0000,373.3020,26076.7
11,1018.1046,987.3113,0.0000,186.1040,10987.8
12,1016.0127,1002.4056,0.0000,410.1608,8654.0
13,925.5880,1082.6656,0.0000,179.6897,25983.8
14,870.1413,990.4903,0.0000,102.1648,17348.7
15,989.1501,994.5599,0.0000,228.3450,24511.9
16,976.2058,1026.0399,0.0000,209.9212,11730.3
17,1025.4115,999.2098,0.0000,225.3235,21828.8
18,1030.9417,1043.6552,0.0000,139.4511,9596.2
19,1012.1124,1027.0415,0.0000,112.3926,23350.1
20,1023.0208,1026.7053,0.0000,117.1662,10131.4
21,1025.2916,1022.4666,0.0000,138.8150,28676.6
22,1023.2250,1037.5275,0.0000,242.0701,8781.5
23,968.8425,1017.4981,0.0000,341.5954,26940.0
24,1045.8490,1030.6680,0.0000,2214.0939,17910.5
25,1063.1722,871.2483,0.0000,165.0502,9498.7
26,1045.7246,1010.1663,0.0000,112.6809,29636.2
27,1010.9955,991.0117,0.0000,117.6675,26303.0
28,1028.9954,1003.4182,0.0000,131.0823,17100.9
29,997.6193,1049.1115,0.0000,161.1380,14924.2
30,1006.0381,1043.8868,0.0000,162.2788,12874.7
31,1020.2623,1016.8292,0.0000,328.5591,10388.3
32,997.9495,1038.2111,0.0000,102.7409,10356.1
33,1037.5167,1021.3135,0.0000,415.6260,11958.7
34,945.2168,1006.4922,0.0000,201.4639,22625.7
35,1015.4183,1029.2530,0.0000,284.2007,24496.0
36,1044.9282,1010.6387,0.0000,131.5643,16975.7
37,1019.1441,1034.6676,0.0000,136.5201,15909.3
38,1041.8355,968.6697,0.0000,100.4109,7390.2
39,1053.8086,1061.2640,0.0000,129.6112,15884.2
40,1039.7208,1023.2539,0.0000,3276.7961,17976.9
41,1032.9466,1034.2827,0.0000,236.9464,8902.7
42,1039.3786,1016.7269,0.0000,459.7897,19321.7
43,1063.9914,1000.2146,0.0000,737.2983,20716.9
44,1028.7612,1004.5332,0.0000,410.4735,7661.0
45,946.5526,968.4083,0.0000,232.5628,10681.9
46,1122.7061,952.8332,0.0000,572.3851,19529.1
47,1046.7744,1001.9344,0.0000,105.3895,25402.5
48,1025.8335,1019.3276,0.0000,114.2872,17216.9
49,999.5429,1023.0502,0.0000,131.7954,10039.3
50,1051.2901,1033.5103,0.0000,137.0938,26506.2
51,1016.8143,1054.2544,0.0000,1281.8751,11940.3
52,1006.8190,1050.9628,0.0000,110.1881,11449.8
53,956.3079,962.3424,0.0000,309.8178,20015.4
54,990.8399,1020.3909,0.0000,181.1188,18737.5
55,1027.8893,1017.8963,0.0000,201.9995,16026.1
56,1031.4368,1020.2865,0.0000,110.7418,14699.5
57,1120.5330,1121.0836,0.0000,373.9100,6002.0
58,1060.6044,993.6389,0.0000,101.3852,8601.7
59,1036.4088,1014.1554,0.0000,215.4213,21321.4
60,1022.5338,1017.3309,0.0000,134.9886,6513.7
61,1023.6891,1025.6469,0.0000,136.4355,26509.3
62,1077.6823,977.7217,0.0000,285.2248,5854.9
63,1096.9019,1008.0973,0.0000,105.7580,16052.6
64,1016.1132,1018.5922,0.0000,304.5936,10168.4
65,1067.0030,1057.7716,0.0000,2750.8830,16357.2
66,1019.4551,1017.4719,0.0000,165.2116,6127.6
67,1027.8106,1030.9853,0.0000,148.9676,20961.2
68,1042.6975,995.3823,0.0000,172.5137,20863.6
69,1010.1096,1028.4535,0.0000,128.8311,10315.6
70,999.4727,1030.8373,0.0000,112.1662,27165.9
71,1032.5639,1009.9632,0.0000,152.0938,21244.4
72,993.4687,1066.3518,0.0000,213.6966,6963.6
73,1037.4401,1018.6408,0.0000,179.5771,21706.4
74,1059.6043,1002.4223,0.0000,528.4022,23834.4
75,1040.8361,1010.2778,0.0000,411.0022,24430.9
76,1014.7368,1028.6640,0.0000,162.6794,8275.1
77,1068.4958,1080.0046,0.0000,101.6775,28995.3
78,951.8682,953.8912,0.0000,202.3193,27571.0
79,992.7569,1060.8493,0.0000,153.2132,25624.3
80,1023.3995,1001.5842,0.0000,1774.1184,20449.8
81,1038.0854,983.3476,0.0000,232.1364,11926.2
82,1031.8388,1031.1444,0.0000,258.5980,7349.5
83,1011.5241,987.3396,0.0000,232.1453,7599.1
84,1003.4974,1069.6572,0.0000,1542.3954,23099.2
85,1054.0813,943.8256,0.0000,148.1876,9939.5
86,990.2241,1046.1427,0.0000,250.2974,6055.1
87,1013.3524,1026.8740,0.0000,129.6683,26108.1
88,992.6014,978.5518,0.0000,258.7409,19370.0
89,1011.8626,1029.5964,0.0000,900.1449,25408.7
90,1054.1026,988.3885,0.0000,314.4316,26069.8
91,1010.6854,1022.2094,0.0000,269.7955,29605.5
92,1021.7903,983.9299,0.0000,126.9752,7479.5
93,1054.0673,1023.2971,0.0000,296.6615,13480.7
94,1075.3624,1072.4303,0.0000,219.5686,20914.0
95,1029.9611,1030.0339,0.0000,707.9729,15502.8
96,1008.9756,1033.4182,0.0000,128.9052,15793.6
97,1013.6803,1020.2151,0.0000,106.7704,21969.5
98,985.9346,1196.3538,0.0000,149.1913,8428.9
99,1032.4563,1068.8006,0.0000,138.1002,20581.0
100,1031.0122,1023.9364,0.0000,113.5590,24685.2
101,938.9312,1079.5927,0.0000,100.7972,12651.8
102,1064.4171,966.7589,0.0000,133.7694,22403.3
103,1019.1266,1078.4671,0.0000,138.3562,17768.0
104,1031.4487,1032.3523,0.0000,185.3838,19032.4
105,1000.8738,1048.1622,0.0000,137.1040,3666.8
106,1035.1995,1052.6414,0.0000,193.4027,22399.8
107,1018.2037,1031.0261,0.0000,114.3793,11257.2
108,1041.4851,1076.9158,0.0000,115.0076,7449.3
109,1078.4496,1017.5784,0.0000,111.4742,23692.9
110,1007.3993,1046.8373,0.0000,191.2059,12087.3
111,983.8111,987.2477,0.0000,964.2219,4775.9
112,1020.3947,1019.1462,0.0000,371.3150,29711.2
113,1037.5322,1040.5195,0.0000,334.3431,24774.8
114,1025.7231,1022.9125,0.0000,120.1096,7156.4
115,1050.8552,1143.0985,0.0000,186.0803,18759.4
116,1023.2691,1005.3537,0.0000,140.0100,28459.1
117,991.8315,1026.1877,0.0000,110.0011,7876.1
118,1027.4008,1021.6363,0.0000,161.2869,9442.7
119,965.0226,1023.8341,0.0000,450.6967,14296.1
120,1046.9299,1015.1103,0.0000,364.1291,26510.1
121,984.5363,1016.2234,0.0000,186.7277,19164.2
122,1024.5859,1025.4065,0.0000,124.6387,21408.3
123,1010.1043,1026.2584,0.0000,128.0563,17316.5
124,1023.3116,1020.7721,0.0000,171.1769,12811.3
125,971.0528,1083.3648,0.0000,156.9700,8753.9
126,993.5592,1139.8384,0.0000,412.2000,27154.6
127,1070.4441,957.0339,0.0000,134.0370,8438.2
128,1075.3868,1158.5206,0.0000,108.6573,29357.1
129,1022.8608,1009.4667,0.0000,147.0152,10395.4
130,1021.4539,1024.1231,0.0000,648.6396,6954.4
131,952.9895,1048.3816,0.0000,522.7472,19069.7
132,1121.3085,1143.9390,0.0000,130.7137,16870.7
133,1016.8602,1018.9499,0.0000,169.9055,8945.7
134,999.8246,1160.2231,0.0000,185.8124,26323.3
135,1000.5068,1050.9314,0.0000,512.5554,16971.8
136,1001.8549,1017.7264,0.0000,142.5255,24067.7
137,1046.0200,1043.0753,0.0000,131.7704,10284.8
138,1046.8018,970.7757,0.0000,237.2592,19602.3
139,1026.1080,1025.6286,0.0000,117.1188,8353.8
140,981.0651,1167.8197,0.0000,103.2627,15909.3
141,916.4526,1058.2054,0.0000,128.9874,21058.0
142,1023.9723,1024.0935,0.0000,298.9367,15549.2
143,1041.4015,1050.9686,0.0000,255.0522,17665.0
144,1026.8676,1012.6090,0.0000,279.7467,25497.9
145,1069.9405,1022.2790,0.0000,124.8947,13573.1
146,858.7322,1027.9672,0.0000,109.3160,29876.6
147,1046.0211,1023.4666,0.0000,838.2331,23168.0
148,944.0152,1051.0242,0.0000,446.8641,24886.0
149,1012.7351,995.6111,0.0000,199.7284,16590.8
150,1037.1123,1017.0483,0.0000,848.1815,25426.4
151,825.6869,1104.1985,0.0000,434.4168,6744.8
152,1025.7322,1024.4336,0.0000,214.4229,11188.7
153,995.6989,1006.4752,0.0000,220.0066,26498.1
154,1040.4604,1025.6822,0.0000,170.4525,4809.4
155,1071.3440,1094.1078,0.0000,200.2466,24418.6
156,1083.4406,1020.3423,0.0000,110.3147,16302.8
157,1016.3061,1074.9001,0.0000,170.6437,19462.1
158,1077.2974,1035.6765,0.0000,200.3772,18038.1
159,1026.1315,1046.0601,0.0000,122.4070,24046.6
160,831.4679,1017.8722,0.0000,123.4781,5617.5
161,1048.8119,1040.3414,0.0000,204.9403,3408.5
162,1018.1516,1025.3690,0.0000,1367.7764,8049.2
163,997.3325,1077.9881,0.0000,370.1727,14956.2
164,1101.1648,1118.5160,0.0000,126.0825,15546.7
165,1089.9716,1018.1391,0.0000,125.4148,29701.2
166,1022.3981,1032.5537,0.0000,101.0459,16339.4
167,1028.6708,1008.8236,0.0000,196.3223,9681.7
168,996.4980,1006.3773,0.0000,101.1599,10357.4
169,1051.4420,1018.9508,0.0000,109.8438,4517.5
170,1022.5685,1060.0003,0.0000,104.9180,15816.5
171,1038.3795,1045.2106,0.0000,237.2999,4707.8
172,1040.7205,1011.5122,0.0000,154.5909,18992.3
173,985.4781,997.4159,0.0000,354.0075,21350.6
174,993.4181,1047.8703,0.0000,121.4184,13805.4
175,1023.7579,1024.4610,0.0000,137.0530,27377.0
176,1007.6875,1034.6701,0.0000,456.8104,16437.7
177,1013.3953,1013.6502,0.0000,938.4522,27237.3
178,952.1998,925.3356,0.0000,113.5579,7390.4
179,1119.0766,861.9357,0.0000,129.4946,24238.5
180,1031.9496,1008.7099,0.0000,240.3627,22490.9
181,1048.5179,963.5122,0.0000,139.6232,21128.6
182,1027.1845,1022.3541,0.0000,277.2800,19305.0
183,1015.4917,1013.7941,0.0000,153.4463,26039.6
184,1050.9320,1071.8310,0.0000,139.8822,17429.2
185,1113.1678,1114.6965,0.0000,106.4980,19772.7
186,1000.4036,1012.0363,0.0000,248.6218,14320.4
187,1101.9779,983.5182,0.0000,119.1491,5707.6
188,1058.2515,1003.8267,0.0000,126.8468,21261.9
189,1087.9103,1060.7617,0.0000,131.6663,28931.9
190,1040.8142,1035.4379,0.0000,178.0584,13293.7
191,1054.1603,1043.0135,0.0000,232.7076,29880.9
192,1024.0205,1023.2312,0.0000,153.4379,10903.3
193,1049.8648,1009.0762,0.0000,158.7957,8374.9
194,1025.0034,1046.7131,0.0000,115.4329,24916.3
195,943.5602,970.6011,0.0000,190.5675,29473.0
196,1045.2472,1023.6141,0.0000,132.6714,3669.9
197,996.4653,1050.4469,0.0000,249.8835,13718.4
198,1077.8300,966.2600,0.0000,199.2061,14530.5
199,979.0898,1071.7341,0.0000,246.7838,24941.7
200,1037.7387,1052.3197,0.0000,119.6202,8045.8
201,1075.1622,1139.0655,0.0000,119.3427,27821.1
202,1012.4060,1022.0756,0.0000,172.5632,24250.3
203,1208.3293,1084.5525,0.0000,154.6484,3386.7
204,1053.4114,1110.0769,0.0000,155.9818,16220.5
205,1081.1208,990.1630,0.0000,146.5826,9941.1
206,969.8303,992.6033,0.0000,104.4731,24442.5
207,1026.6974,1025.7078,0.0000,132.6112,22421.2
208,1016.6408,1021.2073,0.0000,118.1479,11299.9
209,1008.8665,983.0569,0.0000,640.2402,8330.2
210,1036.5095,1110.6074,0.0000,117.9080,9979.1
211,1012.7130,1035.3642,0.0000,804.2459,17614.1
212,732.9867,1090.7280,0.0000,115.4139,4613.1
213,1079.1459,1113.0501,0.0000,160.9623,15331.7
214,1077.0780,1114.4333,0.0000,156.7659,17015.5
215,979.0394,1014.7021,0.0000,176.1780,21787.7
216,1022.9128,1028.7531,0.0000,113.8343,5182.2
217,855.5050,1021.0702,0.0000,137.9510,26883.0
218,997.8514,1005.7843,0.0000,122.3257,7476.8
219,983.4642,1060.4078,0.0000,254.6642,13787.4
220,1027.3907,1019.2595,0.0000,141.2160,29138.5
221,1019.0123,1030.6365,0.0000,129.0409,13165.4
222,1000.9396,1072.5670,0.0000,404.5918,6075.6
223,1000.3448,1062.3107,0.0000,104.7928,14736.9
224,1014.8428,1024.4802,0.0000,106.4992,21407.9
225,1007.4047,1035.9133,0.0000,142.6207,20568.4
226,1024.1410,1026.9152,0.0000,407.1083,20799.2
227,1061.1736,1088.8183,0.0000,357.4270,18922.7
228,1018.1929,1027.5142,0.0000,109.8192,15359.3
229,1054.7499,989.6607,0.0000,113.3130,16444.8
230,1008.8768,1006.4638,0.0000,199.0284,17773.3
231,1004.2975,1019.6106,0.0000,623.1321,7357.0
232,1068.8568,1010.9739,0.0000,118.7783,24552.2
233,1007.9652,994.3824,0.0000,566.8101,13650.2
234,1004.8831,1022.1132,0.0000,148.0811,29050.0
235,1014.9245,1010.7646,0.0000,176.7228,23280.4
236,1016.0025,1016.9294,0.0000,101.9699,18082.9
237,977.0992,861.4426,0.0000,144.2731,20478.9
238,977.4244,1060.6965,0.0000,167.6553,4668.7
239,1021.3520,1023.8484,0.0000,147.5951,13836.3
240,1007.8707,1042.0403,0.0000,125.7024,16731.3
241,1016.0232,1046.7208,0.0000,277.9185,20706.2
242,1067.5681,1032.1898,0.0000,107.9391,9258.3
243,1051.9083,989.6946,0.0000,227.5024,11392.7
244,1166.9979,952.5587,0.0000,179.7186,21233.7
245,1056.0695,1032.3852,0.0000,155.3342,11395.1
246,1033.2583,1004.8894,0.0000,100.5060,4980.4
247,1026.3053,1040.9058,0.0000,272.2568,26064.2
248,1024.2092,1042.4768,0.0000,1239.2825,5460.7
249,904.3614,1037.1597,0.0000,168.5278,14983.1
250,1032.4740,1056.5412,0.0000,133.1041,12802.5
251,1041.6780,995.2760,0.0000,154.7743,16717.5
252,984.9869,1023.2600,0.0000,147.9071,13484.8
253,989.0355,1077.0107,0.0000,109.9655,16438.6
254,1034.3695,1024.9972,0.0000,227.3543,17349.9
255,1023.7663,1046.8291,0.0000,131.5419,11889.6
256,1016.9356,1050.0218,0.0000,451.8858,13521.6
257,1100.1327,1081.5006,0.0000,154.0257,29989.5
258,1006.5955,1037.9303,0.0000,452.2484,9876.6
259,1015.1650,1015.1332,0.0000,103.8393,12147.6
260,1062.3358,1044.0706,0.0000,123.3207,4679.3
261,1056.4852,1005.6869,0.0000,103.8837,9718.7
262,849.1460,848.6692,0.0000,128.1634,28870.9
263,876.5536,1105.7615,0.0000,109.3246,7441.7
264,1015.1990,1078.4488,0.0000,259.8903,10388.6
265,1003.8979,1009.9501,0.0000,146.3001,4654.3
266,1043.8456,1013.4679,0.0000,156.9875,12777.8
267,997.7669,1035.7227,0.0000,108.6543,16673.8
268,1075.4739,1110.4930,0.0000,118.8402,17874.5
269,983.2833,1144.0681,0.0000,112.8608,14161.3
270,1039.1602,1023.7246,0.0000,1046.9330,25273.5
271,1042.4882,1035.2517,0.0000,124.7691,5799.1
272,1013.0268,1023.0091,0.0000,144.8190,21601.7
273,1020.1734,1025.6065,0.0000,116.0606,7820.4
274,1031.5232,1057.1557,0.0000,119.3042,14746.5
275,1009.3961,1005.8955,0.0000,902.9932,28862.8
276,1052.7763,1046.9040,0.0000,127.3267,19997.5
277,932.2551,1079.3935,0.0000,157.3539,20814.6
278,1022.5119,1024.3197,0.0000,103.7119,16381.2
279,1137.9178,1079.8089,0.0000,121.3770,6726.9
280,1042.0283,939.3509,0.0000,113.7610,29772.4
281,1033.9302,1052.0086,0.0000,110.7872,8459.0
282,1080.6367,1015.1425,0.0000,225.9390,28624.5
283,1027.8314,1011.7571,0.0000,115.8707,14265.0
284,1012.4615,1016.4313,0.0000,225.1595,16578.8
285,1010.6870,1040.7528,0.0000,147.9562,27958.5
286,1052.0379,1013.6705,0.0000,101.1534,17921.8
287,1025.6619,904.2006,0.0000,141.1692,18181.4
288,1022.9442,1025.4173,0.0000,163.6433,12688.5
289,1019.9790,1000.3269,0.0000,135.9904,4485.2
290,1027.1743,1019.7179,0.0000,135.8836,24274.4
291,985.6928,1041.2317,0.0000,318.7614,15231.1
292,1025.0929,1025.3116,0.0000,1941.3488,23820.8
293,1024.5884,1059.6703,0.0000,132.2691,18903.0
294,1002.1565,1117.8723,0.0000,534.5999,28577.9
295,1058.3559,1020.1871,0.0000,115.3941,7836.7
296,992.1078,915.3431,0.0000,111.6451,19468.5
297,985.4653,967.9694,0.0000,418.7284,16242.3
298,1000.1368,1100.1062,0.0000,100.2609,5365.9
299,1026.0963,1025.5402,0.0000,206.7879,6745.6
300,1024.9819,1032.1668,0.0000,252.0334,25937.3
301,1025.2824,1011.3101,0.0000,122.7812,14677.0
302,1038.4320,1020.2201,0.0000,249.2926,3803.1
303,1037.3841,1069.6780,0.0000,115.7142,9156.4
304,1044.2617,1019.6392,0.0000,100.7948,19043.8
305,1045.7877,1028.8591,0.0000,103.7150,6434.7
306,1025.9409,1033.5557,0.0000,627.4796,6491.6
307,795.6062,1187.7486,0.0000,24173.7098,3912.8
308,1029.1141,1019.0546,0.0000,107.9773,14144.3
309,984.9802,1043.4825,0.0000,281.1349,4599.7
310,1056.5083,965.1772,0.0000,100.7787,8584.6
311,1042.2342,1030.3584,0.0000,205.9821,18414.3
312,1019.9872,1030.2348,0.0000,107.5060,28189.0
313,1015.1400,997.6033,0.0000,926.4304,3507.1
314,981.6455,1014.3748,0.0000,153.4098,16633.7
315,1009.3657,1074.6454,0.0000,101.9560,22086.3
316,997.5604,1073.8015,0.0000,103.0715,20375.0
317,975.7411,1047.3011,0.0000,128.3476,13606.7
318,1019.4178,1018.2120,0.0000,186.1732,25271.5
319,995.5505,1092.0111,0.0000,168.9843,24592.3
320,1035.2602,1031.5018,0.0000,196.3861,21592.1
321,1027.8617,1064.1299,0.0000,112.1889,21545.6
322,1026.0292,979.4463,0.0000,104.0117,10948.8
323,1010.4474,981.2679,0.0000,361.7194,10162.1
324,1008.7885,1024.9529,0.0000,342.9342,23362.3
325,1012.7104,998.6788,0.0000,129.6491,11589.2
326,1040.4077,1193.3063,0.0000,196.8718,7785.5
327,1005.5344,1031.6609,0.0000,113.7718,18836.1
328,1050.7427,1138.2175,0.0000,135.6063,24864.3
329,1012.0556,1008.6723,0.0000,189.6549,10354.3
330,970.3121,944.7347,0.0000,107.7783,26255.2
331,989.6077,1049.5984,0.0000,502.8865,6509.2
332,1036.1116,1003.0753,0.0000,466.7438,20416.9
333,1034.0174,1003.1009,0.0000,139.1914,12691.7
334,1039.5374,1060.1850,0.0000,213.2713,25275.2
335,1120.0681,1086.8592,0.0000,388.0966,19817.1
336,1012.4459,975.4458,0.0000,100.5838,18170.9
337,1023.4596,1021.6474,0.0000,400.5713,23976.2
338,999.9587,1215.1553,0.0000,327.4431,14590.9
339,1023.0808,1025.4692,0.0000,104.2947,27514.1
340,1102.2705,993.0749,0.0000,156.4536,26502.6
341,1016.0438,1032.1178,0.0000,102.5508,26892.0
342,1078.4530,1088.8126,0.0000,101.7056,15534.0
343,1017.3011,1070.2149,0.0000,291.5323,29625.8
344,1098.5623,1005.5546,0.0000,104.9449,16547.9
345,940.7331,1035.4271,0.0000,104.7335,18350.8
346,977.1880,970.3519,0.0000,200.3885,26382.6
347,1054.8957,1033.7449,0.0000,698.8381,19006.2
348,1022.5610,1064.5712,0.0000,110.3968,24165.6
349,1125.6736,1125.5540,0.0000,111.5600,21058.4
350,1009.5950,1036.8863,0.0000,828.8318,23963.9
351,908.3382,942.8342,0.0000,148.7588,13197.1
352,1018.3616,976.1168,0.0000,240.3097,28827.4
353,1026.0486,1019.4644,0.0000,104.9949,15457.6
354,1044.1745,1067.4804,0.0000,224.4744,20284.8
355,1043.2204,1064.4947,0.0000,136.3038,15597.9
356,1206.0109,1083.0142,0.0000,215.4048,10964.9
357,1071.7112,1036.8149,0.0000,204.7086,23678.2
358,1055.5773,976.1463,0.0000,116.7759,13291.1
359,1034.6709,1006.7093,0.0000,171.2526,14333.6
360,1030.6557,1017.4982,0.0000,169.6103,14582.5
361,1015.4775,1034.5081,0.0000,154.5141,22382.1
362,952.8049,1008.3086,0.0000,105.6965,29142.0
363,1097.1547,1008.5266,0.0000,101.5324,23551.4
364,996.6338,1090.1378,0.0000,118.2637,8262.2
365,1035.9508,1020.8101,0.0000,104.2586,27566.3
366,1026.1560,1035.1079,0.0000,129.9814,13273.5
367,989.7320,1044.7204,0.0000,197.5366,11558.2
368,972.9446,1033.1948,0.0000,181.9767,23716.5
369,1025.1960,1018.2992,0.0000,614.7311,25053.0
370,978.7559,1038.4694,0.0000,100.7253,6593.9
371,1029.0344,1042.4122,0.0000,102.9961,14920.8
372,922.7541,1101.8306,0.0000,168.7300,3429.0
373,1022.0630,1025.9345,0.0000,103.9549,3420.0
374,1029.9507,1058.7235,0.0000,165.5409,16302.5
375,1020.4743,956.9873,0.0000,240.2496,15330.7
376,1070.5059,1044.2258,0.0000,122.0135,23916.9
377,1023.5115,968.7566,0.0000,157.1578,18732.5
378,1011.5554,955.9342,0.0000,213.7142,27914.7
379,1042.3750,999.4632,0.0000,100.8567,9200.7
380,990.4948,1089.0917,0.0000,152.3595,3438.3
381,1026.0614,1052.6380,0.0000,653.5350,13206.1
382,1021.9126,977.6708,0.0000,211.8040,19264.3
383,981.2036,995.5190,0.0000,145.3180,21984.4
384,1013.6555,1024.2625,0.0000,139.7660,5712.4
385,975.2164,960.9070,0.0000,275.0064,9034.7
386,914.6784,983.9846,0.0000,129.8586,25170.1
387,1068.0961,1033.5363,0.0000,104.2339,8619.9
388,1003.7333,1006.6582,0.0000,128.2822,12526.1
389,1021.8780,1017.8940,0.0000,224.7440,28290.6
390,1124.5527,1029.3112,0.0000,126.7357,13871.7
391,1039.0415,1013.7915,0.0000,304.9989,5523.2
392,1029.0629,1020.5861,0.0000,146.9239,29782.9
393,943.3670,1004.1103,0.0000,202.4057,4829.8
394,1079.5779,1009.4642,0.0000,125.1139,20368.7
395,1022.5375,1023.6461,0.0000,115.8886,28347.0
396,1018.4689,985.8389,0.0000,1044.8729,6361.6
397,1007.3103,1036.1696,0.0000,112.6678,21461.5
398,1012.9694,1031.5367,0.0000,245.0504,29625.0
399,1007.8692,1003.5795,0.0000,491.6456,18606.8
400,895.4010,1022.3473,0.0000,103.3094,4860.5
401,1026.0504,963.3021,0.0000,124.1363,20822.1
402,1020.7471,1025.0692,0.0000,258.1081,9777.3
403,1025.6570,1026.0281,0.0000,153.1492,23989.7
404,1050.6208,1005.8901,0.0000,116.5285,22642.3
405,1015.6333,1017.0223,0.0000,933.3230,19847.4
406,1022.2235,1058.4587,0.0000,136.3752,16259.8
407,1013.2775,1034.5401,0.0000,267.3400,23903.8
408,1022.1941,1005.5117,0.0000,102.2381,25313.0
409,1037.0559,929.6726,0.0000,138.9802,9394.9
410,1064.3519,1008.8278,0.0000,434.4775,25444.6
411,933.3574,1070.7412,0.0000,339.1568,4317.0
412,998.1497,1011.3114,0.0000,671.7078,8819.7
413,1016.4239,1006.4896,0.0000,181.8307,18729.7
414,1053.2976,1052.4938,0.0000,112.7246,28089.1
415,959.6567,1075.3571,0.0000,319.2194,27963.9
416,1041.9140,933.0723,0.0000,153.6017,13683.4
417,991.1294,1047.0497,0.0000,326.6619,25157.4
418,988.4843,1008.3896,0.0000,198.4290,9485.0
419,1171.7410,954.4088,0.0000,680.7991,10145.8
420,1082.7101,1045.3869,0.0000,319.4631,29743.0
421,1006.2899,994.7522,0.0000,114.4968,4646.9
422,1026.1904,1057.3019,0.0000,139.2143,3882.9
423,987.5569,998.7476,0.0000,244.7457,19058.4
424,1023.7707,1023.8954,0.0000,108.5363,6353.0
425,985.9369,962.3163,0.0000,117.5144,14409.8
426,1015.6979,1079.8222,0.0000,239.8740,13947.9
427,996.6597,1058.3852,0.0000,123.3992,25256.2
428,960.1795,1045.0164,0.0000,151.8485,14503.6
429,1011.2136,971.1190,0.0000,439.9502,4833.9
430,1078.6775,999.9414,0.0000,189.4142,10511.6
431,981.2754,1012.1235,0.0000,122.4277,13297.1
432,1056.8446,1049.5263,0.0000,117.4655,9027.1
433,1024.0715,1030.1858,0.0000,120.3913,11338.6
434,1016.3842,1058.3532,0.0000,585.7053,21203.2
435,929.4227,1011.7370,0.0000,108.6326,10781.8
436,864.8909,913.5029,0.0000,909.4461,14719.9
437,1028.7924,953.1236,0.0000,173.8536,27525.6
438,1016.0296,1023.3732,0.0000,133.1332,27932.5
439,1030.1493,1019.3208,0.0000,269.6753,6645.7
440,876.4834,1166.7782,0.0000,452.4817,12307.7
441,1027.5469,1021.6107,0.0000,105.7142,29581.7
442,1017.8290,1008.7289,0.0000,584.8022,13587.7
443,993.6661,1028.9070,0.0000,145.8363,8317.4
444,1003.0963,1009.4662,0.0000,150.7823,12566.8
445,1076.3991,1029.1016,0.0000,903.7721,4639.5
446,1007.2690,1038.5830,0.0000,102.2665,20121.8
447,1078.5107,1133.2744,0.0000,186.5567,6603.6
448,967.4433,968.5132,0.0000,261.1557,8818.0
449,1033.8073,995.9347,0.0000,128.4578,6251.9
450,1057.3385,1046.1333,0.0000,345.0403,22194.0
451,1053.1103,995.6208,0.0000,195.8134,19584.7
452,1025.4118,978.9210,0.0000,177.4091,3844.5
453,1031.5602,1034.6189,0.0000,112.8839,25463.0
454,1014.1979,1045.6007,0.0000,105.2371,4881.6
455,1107.9410,1070.8730,0.0000,114.3700,7026.4
456,1020.7895,1027.1821,0.0000,107.6258,16584.2
457,1043.5662,989.7267,0.0000,138.0890,28537.9
458,1026.8130,1021.6093,0.0000,170.2804,28707.5
459,1000.0751,1022.1399,0.0000,138.8928,14256.9
460,1055.8364,934.8919,0.0000,119.0610,8774.4
461,1119.0508,933.1099,0.0000,147.6190,11583.1
462,938.9240,1054.8943,0.0000,140.9389,21883.9
463,976.8881,1002.1768,0.0000,113.0923,27675.0
464,971.3064,1074.2781,0.0000,101.5849,11645.7
465,1113.1123,1003.6684,0.0000,133.1174,28287.5
466,1019.9154,1018.8796,0.0000,126.7865,16381.9
467,1055.8414,945.2942,0.0000,128.2342,4758.3
468,1003.0825,1096.0978,0.0000,109.0097,4541.4
469,914.9963,1008.4389,0.0000,106.7932,4418.5
470,877.3737,1034.7933,0.0000,187.9629,14221.7
471,1024.2991,1023.1129,0.0000,318.7431,10488.0
472,1079.0430,1013.8371,0.0000,252.6849,14517.4
473,1129.0981,1188.9040,0.0000,159.8617,8420.9
474,1027.4025,1029.4609,0.0000,201.0277,24301.8
475,1030.9427,975.8542,0.0000,106.7957,7913.7
476,888.1292,966.6409,0.0000,103.5480,25010.3
477,1007.3211,958.7282,0.0000,100.5436,28203.0
478,910.3250,915.3977,0.0000,105.6781,10145.5
479,976.4324,1033.1317,0.0000,157.7254,29639.6
480,1022.6798,1062.5619,0.0000,131.2949,6334.6
481,1001.5854,1025.5964,0.0000,217.7597,12532.6
482,1016.5872,998.3107,0.0000,186.8084,27611.8
483,1065.2208,1029.1336,0.0000,223.9608,5658.5
484,1035.0751,1007.2345,0.0000,117.2736,9001.5
485,1031.1569,1018.3712,0.0000,263.7306,18358.3
486,1044.9352,918.3781,0.0000,125.5770,8153.3
487,1000.1206,967.1766,0.0000,101.5536,21681.5
488,1025.3763,1052.0544,0.0000,121.7220,9862.8
489,1081.1454,967.9221,0.0000,118.2885,27770.2
490,1057.3899,1048.2538,0.0000,116.4719,4730.8
491,1093.7106,1023.4581,0.0000,145.1846,15860.8
492,1040.2332,1018.7308,0.0000,120.7569,5434.3
493,1034.0977,1014.3522,0.0000,115.5214,9354.0
494,1095.5973,1072.3321,0.0000,193.4976,3005.4
495,983.3718,1230.8318,0.0000,103.1351,5892.6
496,991.4654,1049.6317,0.0000,262.3259,21914.2
497,1065.3596,1257.2952,0.0000,112.0597,19401.1
498,1024.8880,1023.9235,0.0000,447.3871,7320.2
499,1040.2942,1038.2438,0.0000,182.6681,13651.0
